"ImageId","pred"
"Image1_1_1","singlet"
"Image1_1_10","singlet"
"Image1_1_11","missing"
"Image1_1_12","missing"
"Image1_1_2","singlet"
"Image1_1_20","missing"
"Image1_10_1","singlet"
"Image1_10_10","doublet"
"Image1_10_11","missing"
"Image1_10_12","singlet"
"Image1_10_2","singlet"
"Image1_10_20","doublet"
"Image1_11_1","singlet"
"Image1_11_10","singlet"
"Image1_11_11","singlet"
"Image1_11_12","singlet"
"Image1_11_2","missing"
"Image1_11_20","singlet"
"Image1_12_1","missing"
"Image1_12_10","singlet"
"Image1_12_11","singlet"
"Image1_12_12","singlet"
"Image1_12_2","singlet"
"Image1_12_20","missing"
"Image1_2_1","singlet"
"Image1_2_10","missing"
"Image1_2_11","missing"
"Image1_2_12","singlet"
"Image1_2_2","missing"
"Image1_2_20","missing"
"Image1_20_1","doublet"
"Image1_20_10","doublet"
"Image1_20_11","missing"
"Image1_20_12","singlet"
"Image1_20_2","doublet"
"Image1_20_20","missing"
"Image1_21_1","singlet"
"Image1_21_10","missing"
"Image1_21_11","doublet"
"Image1_21_12","missing"
"Image1_21_2","doublet"
"Image1_21_20","singlet"
"Image1_22_1","missing"
"Image1_22_10","doublet"
"Image1_22_11","missing"
"Image1_22_12","singlet"
"Image1_22_2","doublet"
"Image1_22_20","missing"
"Image1_9_3","doublet"
"Image1_9_9","doublet"
