ImageId,NumCells
Image1_1_11, 0
Image1_22_2, 2
Image1_12_10, 1
Image1_12_1, 0
Image1_20_2, 0
Image1_11_2, 0
Image1_21_20, 0
Image1_2_12, 1
Image1_22_12, 0
Image1_12_12, 0
Image1_21_2, 0
Image1_20_1, 1
Image1_1_2, 1
Image1_20_11, 0
Image1_21_11, 0
Image1_2_2, 0
Image1_11_11, 1
Image1_2_1, 1
Image1_1_20, 0
Image1_10_11, 0
Image1_20_20, 0
Image1_12_20, 0
Image1_10_20, 3
Image1_20_10, 1
Image1_9_9, 0
Image1_21_12, 0
Image1_12_11, 0
Image1_1_10, 1
Image1_12_2, 1
Image1_10_10, 1
Image1_11_10, 1
Image1_9_3, 0
Image1_22_20, 0
Image1_2_10, 0
Image1_22_10, 0
Image1_10_1, 1
Image1_10_12, 0
Image1_2_20, 0
Image1_11_20, 1
Image1_21_10, 0
Image1_10_2, 1
Image1_11_1, 1
Image1_11_12, 1
Image1_21_1, 1
Image1_22_1, 0
Image1_1_1, 1
Image1_22_11, 0
Image1_20_12, 0
Image1_2_11, 0
Image1_1_12, 0